start	end	type	var
6	7	IS_AST_PARENT	
6	8	IS_AST_PARENT	
5	6	IS_AST_PARENT	
4	5	IS_AST_PARENT	
10	11	IS_AST_PARENT	
10	12	IS_AST_PARENT	
9	10	IS_AST_PARENT	
4	9	IS_AST_PARENT	
14	15	IS_AST_PARENT	
14	16	IS_AST_PARENT	
14	17	IS_AST_PARENT	
13	14	IS_AST_PARENT	
4	13	IS_AST_PARENT	
19	20	IS_AST_PARENT	
19	21	IS_AST_PARENT	
18	19	IS_AST_PARENT	
4	18	IS_AST_PARENT	
23	24	IS_AST_PARENT	
23	25	IS_AST_PARENT	
22	23	IS_AST_PARENT	
4	22	IS_AST_PARENT	
27	28	IS_AST_PARENT	
30	31	IS_AST_PARENT	
29	30	IS_AST_PARENT	
29	32	IS_AST_PARENT	
27	29	IS_AST_PARENT	
26	27	IS_AST_PARENT	
4	26	IS_AST_PARENT	
35	36	IS_AST_PARENT	
35	37	IS_AST_PARENT	
34	35	IS_AST_PARENT	
33	34	IS_AST_PARENT	
33	38	IS_AST_PARENT	
42	43	IS_AST_PARENT	
42	44	IS_AST_PARENT	
41	42	IS_AST_PARENT	
40	41	IS_AST_PARENT	
39	40	IS_AST_PARENT	
33	39	IS_AST_PARENT	
4	33	IS_AST_PARENT	
47	48	IS_AST_PARENT	
47	49	IS_AST_PARENT	
46	47	IS_AST_PARENT	
45	46	IS_AST_PARENT	
51	52	IS_AST_PARENT	
51	53	IS_AST_PARENT	
50	51	IS_AST_PARENT	
45	50	IS_AST_PARENT	
54	55	IS_AST_PARENT	
54	56	IS_AST_PARENT	
45	54	IS_AST_PARENT	
45	57	IS_AST_PARENT	
4	45	IS_AST_PARENT	
59	60	IS_AST_PARENT	
59	61	IS_AST_PARENT	
58	59	IS_AST_PARENT	
4	58	IS_AST_PARENT	
64	65	IS_AST_PARENT	
64	66	IS_AST_PARENT	
63	64	IS_AST_PARENT	
63	67	IS_AST_PARENT	
62	63	IS_AST_PARENT	
4	62	IS_AST_PARENT	
69	70	IS_AST_PARENT	
69	71	IS_AST_PARENT	
68	69	IS_AST_PARENT	
4	68	IS_AST_PARENT	
73	74	IS_AST_PARENT	
73	75	IS_AST_PARENT	
73	76	IS_AST_PARENT	
72	73	IS_AST_PARENT	
4	72	IS_AST_PARENT	
79	80	IS_AST_PARENT	
79	81	IS_AST_PARENT	
78	79	IS_AST_PARENT	
78	82	IS_AST_PARENT	
77	78	IS_AST_PARENT	
4	77	IS_AST_PARENT	
83	84	IS_AST_PARENT	
4	83	IS_AST_PARENT	
3	4	IS_AST_PARENT	
3	85	IS_AST_PARENT	
3	86	IS_AST_PARENT	
3	87	IS_AST_PARENT	
88	5	FLOWS_TO	
5	9	FLOWS_TO	
9	13	FLOWS_TO	
13	18	FLOWS_TO	
18	22	FLOWS_TO	
22	26	FLOWS_TO	
26	34	FLOWS_TO	
34	41	FLOWS_TO	
34	46	FLOWS_TO	
41	46	FLOWS_TO	
50	54	FLOWS_TO	
50	58	FLOWS_TO	
46	50	FLOWS_TO	
54	50	FLOWS_TO	
58	62	FLOWS_TO	
62	68	FLOWS_TO	
68	72	FLOWS_TO	
72	77	FLOWS_TO	
77	83	FLOWS_TO	
83	89	FLOWS_TO	
26	90	USE	
27	90	USE	
13	91	DEF	
14	91	DEF	
62	91	USE	
64	91	USE	
5	92	DEF	
6	92	DEF	
26	92	DEF	
27	92	DEF	
34	92	USE	
41	92	DEF	
42	92	DEF	
50	92	USE	
58	93	DEF	
59	93	DEF	
68	93	DEF	
69	93	DEF	
77	93	USE	
79	93	USE	
77	94	DEF	
78	94	DEF	
62	95	DEF	
63	95	DEF	
9	96	DEF	
10	96	DEF	
18	96	DEF	
19	96	DEF	
34	96	USE	
22	97	DEF	
23	97	DEF	
50	97	USE	
46	97	DEF	
47	97	DEF	
54	97	USE	
54	97	DEF	
62	97	USE	
64	97	USE	
62	98	DEF	
63	98	DEF	
72	99	DEF	
73	99	DEF	
77	99	USE	
79	99	USE	
77	100	DEF	
78	100	DEF	
13	62	REACHES	entity_1
26	34	REACHES	entity_2
26	50	REACHES	entity_2
41	50	REACHES	entity_2
68	77	REACHES	entity_3
18	34	REACHES	entity_8
54	50	REACHES	entity_6
46	50	REACHES	entity_6
54	54	REACHES	entity_6
46	54	REACHES	entity_6
54	62	REACHES	entity_6
46	62	REACHES	entity_6
72	77	REACHES	entity_7
88	5	CONTROLS	
88	9	CONTROLS	
88	13	CONTROLS	
88	18	CONTROLS	
88	22	CONTROLS	
88	26	CONTROLS	
88	34	CONTROLS	
88	46	CONTROLS	
88	50	CONTROLS	
88	58	CONTROLS	
88	62	CONTROLS	
88	68	CONTROLS	
88	72	CONTROLS	
88	77	CONTROLS	
88	83	CONTROLS	
34	41	CONTROLS	
50	54	CONTROLS	
88	88	DOM	
62	68	DOM	
68	72	DOM	
72	77	DOM	
50	54	DOM	
22	26	DOM	
5	9	DOM	
77	83	DOM	
18	22	DOM	
46	50	DOM	
58	62	DOM	
88	5	DOM	
13	18	DOM	
26	34	DOM	
34	41	DOM	
34	46	DOM	
83	89	DOM	
50	58	DOM	
9	13	DOM	
72	68	POST_DOM	
5	88	POST_DOM	
77	72	POST_DOM	
83	77	POST_DOM	
50	54	POST_DOM	
34	26	POST_DOM	
13	9	POST_DOM	
89	83	POST_DOM	
26	22	POST_DOM	
58	50	POST_DOM	
68	62	POST_DOM	
9	5	POST_DOM	
22	18	POST_DOM	
50	46	POST_DOM	
46	34	POST_DOM	
46	41	POST_DOM	
89	89	POST_DOM	
62	58	POST_DOM	
18	13	POST_DOM	
2	3	IS_FUNCTION_OF_AST	
2	88	IS_FUNCTION_OF_CFG	
1	2	IS_FILE_OF	
